{"value": [], "expires_at": 1763303825.427226, "created_at": 1763302925.427228}