{"value": [], "expires_at": 1763261908.450017, "created_at": 1763261008.450017}