{"value": [], "expires_at": 1763266487.207207, "created_at": 1763265587.2072089}