{"value": [], "expires_at": 1763317563.744361, "created_at": 1763316663.7443619}