{"value": [], "expires_at": 1763275854.5763378, "created_at": 1763274954.576339}