{"value": [], "expires_at": 1763271160.948718, "created_at": 1763270260.948718}