{"value": [], "expires_at": 1763258665.508298, "created_at": 1763257765.508298}